<?xml version="1.0" encoding="UTF-8"?>
<?mso-application progid="Excel.Sheet"?>
<Workbook xmlns="urn:schemas-microsoft-com:office:spreadsheet"
xmlns:o="urn:schemas-microsoft-com:office:office"
xmlns:x="urn:schemas-microsoft-com:office:excel"
xmlns:ss="urn:schemas-microsoft-com:office:spreadsheet"
xmlns:html="http://www.w3.org/TR/REC-html40">
<Worksheet ss:Name="Table1">
	<Table>
		<Column ss:Index="2" ss:AutoFitWidth="0" ss:Width="110"/>
		<Column ss:Index="3" ss:AutoFitWidth="0" ss:Width="110"/>
		<Row>
			<Cell><Data ss:Type="String">id</Data></Cell>
			<Cell><Data ss:Type="String">user_id</Data></Cell>
			<Cell><Data ss:Type="String">product</Data></Cell>
		</Row>

		<Row>
			<Cell><Data ss:Type="Number">80</Data></Cell>
			<Cell><Data ss:Type="String">asdf1234</Data></Cell>
			<Cell><Data ss:Type="String">신발_30</Data></Cell>
		</Row>
		<Row>
			<Cell><Data ss:Type="Number">91</Data></Cell>
			<Cell><Data ss:Type="String">test3</Data></Cell>
			<Cell><Data ss:Type="String">상의_2</Data></Cell>
		</Row>
		<Row>
			<Cell><Data ss:Type="Number">104</Data></Cell>
			<Cell><Data ss:Type="String">hundredwinstone</Data></Cell>
			<Cell><Data ss:Type="String">악세_10</Data></Cell>
		</Row>
		<Row>
			<Cell><Data ss:Type="Number">105</Data></Cell>
			<Cell><Data ss:Type="String">hundredwinstone</Data></Cell>
			<Cell><Data ss:Type="String">악세_11</Data></Cell>
		</Row>
		<Row>
			<Cell><Data ss:Type="Number">106</Data></Cell>
			<Cell><Data ss:Type="String">hundredwinstone</Data></Cell>
			<Cell><Data ss:Type="String">악세_12</Data></Cell>
		</Row>
		<Row>
			<Cell><Data ss:Type="Number">107</Data></Cell>
			<Cell><Data ss:Type="String">inha123</Data></Cell>
			<Cell><Data ss:Type="String">악세_12</Data></Cell>
		</Row>
		<Row>
			<Cell><Data ss:Type="Number">108</Data></Cell>
			<Cell><Data ss:Type="String">inha123</Data></Cell>
			<Cell><Data ss:Type="String">악세_11</Data></Cell>
		</Row>
		<Row>
			<Cell><Data ss:Type="Number">109</Data></Cell>
			<Cell><Data ss:Type="String">inha123</Data></Cell>
			<Cell><Data ss:Type="String">악세_10</Data></Cell>
		</Row>
		<Row>
			<Cell><Data ss:Type="Number">110</Data></Cell>
			<Cell><Data ss:Type="String">zerowinstone</Data></Cell>
			<Cell><Data ss:Type="String">상의_1</Data></Cell>
		</Row>
		<Row>
			<Cell><Data ss:Type="Number">111</Data></Cell>
			<Cell><Data ss:Type="String">zerowinstone</Data></Cell>
			<Cell><Data ss:Type="String">하의_2</Data></Cell>
		</Row>
		<Row>
			<Cell><Data ss:Type="Number">112</Data></Cell>
			<Cell><Data ss:Type="String">zerowinstone</Data></Cell>
			<Cell><Data ss:Type="String">가방_5</Data></Cell>
		</Row>
		<Row>
			<Cell><Data ss:Type="Number">113</Data></Cell>
			<Cell><Data ss:Type="String">zerowinstone</Data></Cell>
			<Cell><Data ss:Type="String">신발_27</Data></Cell>
		</Row>
		<Row>
			<Cell><Data ss:Type="Number">114</Data></Cell>
			<Cell><Data ss:Type="String">zerowinstone</Data></Cell>
			<Cell><Data ss:Type="String">신발_20</Data></Cell>
		</Row>
		<Row>
			<Cell><Data ss:Type="Number">115</Data></Cell>
			<Cell><Data ss:Type="String">zerowinstone</Data></Cell>
			<Cell><Data ss:Type="String">악세_7</Data></Cell>
		</Row>
		<Row>
			<Cell><Data ss:Type="Number">116</Data></Cell>
			<Cell><Data ss:Type="String">zerowinstone</Data></Cell>
			<Cell><Data ss:Type="String">신발_30</Data></Cell>
		</Row>
		<Row>
			<Cell><Data ss:Type="Number">117</Data></Cell>
			<Cell><Data ss:Type="String">zerowinstone</Data></Cell>
			<Cell><Data ss:Type="String">하의_5</Data></Cell>
		</Row>
		<Row>
			<Cell><Data ss:Type="Number">118</Data></Cell>
			<Cell><Data ss:Type="String">zerowinstone</Data></Cell>
			<Cell><Data ss:Type="String">가방_7</Data></Cell>
		</Row>
		<Row>
			<Cell><Data ss:Type="Number">123</Data></Cell>
			<Cell><Data ss:Type="String">q1w2e3</Data></Cell>
			<Cell><Data ss:Type="String">가방_4</Data></Cell>
		</Row>
		<Row>
			<Cell><Data ss:Type="Number">124</Data></Cell>
			<Cell><Data ss:Type="String">zerowinstone</Data></Cell>
			<Cell><Data ss:Type="String">가방_4</Data></Cell>
		</Row>
		<Row>
			<Cell><Data ss:Type="Number">125</Data></Cell>
			<Cell><Data ss:Type="String">zerowinstone</Data></Cell>
			<Cell><Data ss:Type="String">악세_12</Data></Cell>
		</Row>
		<Row>
			<Cell><Data ss:Type="Number">126</Data></Cell>
			<Cell><Data ss:Type="String">lossryeong</Data></Cell>
			<Cell><Data ss:Type="String">가방_5</Data></Cell>
		</Row>
		<Row>
			<Cell><Data ss:Type="Number">128</Data></Cell>
			<Cell><Data ss:Type="String">test1</Data></Cell>
			<Cell><Data ss:Type="String">상의_15</Data></Cell>
		</Row>
		<Row>
			<Cell><Data ss:Type="Number">129</Data></Cell>
			<Cell><Data ss:Type="String">test1</Data></Cell>
			<Cell><Data ss:Type="String">가방_9</Data></Cell>
		</Row>
		<Row>
			<Cell><Data ss:Type="Number">130</Data></Cell>
			<Cell><Data ss:Type="String">test1</Data></Cell>
			<Cell><Data ss:Type="String">가방_5</Data></Cell>
		</Row>
		<Row>
			<Cell><Data ss:Type="Number">131</Data></Cell>
			<Cell><Data ss:Type="String">test1</Data></Cell>
			<Cell><Data ss:Type="String">가방_7</Data></Cell>
		</Row>
		<Row>
			<Cell><Data ss:Type="Number">132</Data></Cell>
			<Cell><Data ss:Type="String">test1</Data></Cell>
			<Cell><Data ss:Type="String">상의_1</Data></Cell>
		</Row>
		<Row>
			<Cell><Data ss:Type="Number">141</Data></Cell>
			<Cell><Data ss:Type="String">yoyobiii2</Data></Cell>
			<Cell><Data ss:Type="String">하의_5</Data></Cell>
		</Row>
		<Row>
			<Cell><Data ss:Type="Number">161</Data></Cell>
			<Cell><Data ss:Type="String">q1w2e3r4</Data></Cell>
			<Cell><Data ss:Type="String">test1</Data></Cell>
		</Row>
		<Row>
			<Cell><Data ss:Type="Number">162</Data></Cell>
			<Cell><Data ss:Type="String">magic22x</Data></Cell>
			<Cell><Data ss:Type="String">가방_5</Data></Cell>
		</Row>
		<Row>
			<Cell><Data ss:Type="Number">164</Data></Cell>
			<Cell><Data ss:Type="String">test1</Data></Cell>
			<Cell><Data ss:Type="String">악세_5</Data></Cell>
		</Row>
		<Row>
			<Cell><Data ss:Type="Number">166</Data></Cell>
			<Cell><Data ss:Type="String">test1</Data></Cell>
			<Cell><Data ss:Type="String">신발_1</Data></Cell>
		</Row>
		<Row>
			<Cell><Data ss:Type="Number">167</Data></Cell>
			<Cell><Data ss:Type="String">test1</Data></Cell>
			<Cell><Data ss:Type="String">하의_11</Data></Cell>
		</Row>
		<Row>
			<Cell><Data ss:Type="Number">168</Data></Cell>
			<Cell><Data ss:Type="String">binaryho</Data></Cell>
			<Cell><Data ss:Type="String">상의_6</Data></Cell>
		</Row>
		<Row>
			<Cell><Data ss:Type="Number">169</Data></Cell>
			<Cell><Data ss:Type="String">binaryho</Data></Cell>
			<Cell><Data ss:Type="String">하의_5</Data></Cell>
		</Row>
		<Row>
			<Cell><Data ss:Type="Number">170</Data></Cell>
			<Cell><Data ss:Type="String">binaryho</Data></Cell>
			<Cell><Data ss:Type="String">가방_2</Data></Cell>
		</Row>
		<Row>
			<Cell><Data ss:Type="Number">171</Data></Cell>
			<Cell><Data ss:Type="String">binaryho</Data></Cell>
			<Cell><Data ss:Type="String">신발_9</Data></Cell>
		</Row>
		<Row>
			<Cell><Data ss:Type="Number">172</Data></Cell>
			<Cell><Data ss:Type="String">binaryho</Data></Cell>
			<Cell><Data ss:Type="String">악세_10</Data></Cell>
		</Row>
		<Row>
			<Cell><Data ss:Type="Number">173</Data></Cell>
			<Cell><Data ss:Type="String">lossryeong</Data></Cell>
			<Cell><Data ss:Type="String">하의_5</Data></Cell>
		</Row>
		<Row>
			<Cell><Data ss:Type="Number">174</Data></Cell>
			<Cell><Data ss:Type="String">lossryeong</Data></Cell>
			<Cell><Data ss:Type="String">악세_7</Data></Cell>
		</Row>
		<Row>
			<Cell><Data ss:Type="Number">175</Data></Cell>
			<Cell><Data ss:Type="String">sohyun951201</Data></Cell>
			<Cell><Data ss:Type="String">가방_5</Data></Cell>
		</Row>
		<Row>
			<Cell><Data ss:Type="Number">176</Data></Cell>
			<Cell><Data ss:Type="String">sohyun951201</Data></Cell>
			<Cell><Data ss:Type="String">가방_4</Data></Cell>
		</Row>
		<Row>
			<Cell><Data ss:Type="Number">177</Data></Cell>
			<Cell><Data ss:Type="String">sohyun951201</Data></Cell>
			<Cell><Data ss:Type="String">test1</Data></Cell>
		</Row>	</Table>
</Worksheet>
</Workbook>
