<?xml version="1.0" encoding="UTF-8"?>
<?mso-application progid="Excel.Sheet"?>
<Workbook xmlns="urn:schemas-microsoft-com:office:spreadsheet"
xmlns:o="urn:schemas-microsoft-com:office:office"
xmlns:x="urn:schemas-microsoft-com:office:excel"
xmlns:ss="urn:schemas-microsoft-com:office:spreadsheet"
xmlns:html="http://www.w3.org/TR/REC-html40">
<Worksheet ss:Name="Table1">
	<Table>
		<Column ss:Index="2" ss:AutoFitWidth="0" ss:Width="110"/>
		<Column ss:Index="4" ss:AutoFitWidth="0" ss:Width="110"/>
		<Row>
			<Cell><Data ss:Type="String">id</Data></Cell>
			<Cell><Data ss:Type="String">user_id</Data></Cell>
			<Cell><Data ss:Type="String">codiSet_id</Data></Cell>
			<Cell><Data ss:Type="String">record_time</Data></Cell>
		</Row>

		<Row>
			<Cell><Data ss:Type="Number">173</Data></Cell>
			<Cell><Data ss:Type="String">test3</Data></Cell>
			<Cell><Data ss:Type="Number">58</Data></Cell>
			<Cell><Data ss:Type="String">2022-08-01 17:57:37</Data></Cell>
		</Row>
		<Row>
			<Cell><Data ss:Type="Number">183</Data></Cell>
			<Cell><Data ss:Type="String">lossryeong</Data></Cell>
			<Cell><Data ss:Type="Number">79</Data></Cell>
			<Cell><Data ss:Type="String">2022-08-02 09:41:34</Data></Cell>
		</Row>
		<Row>
			<Cell><Data ss:Type="Number">184</Data></Cell>
			<Cell><Data ss:Type="String">lossryeong</Data></Cell>
			<Cell><Data ss:Type="Number">80</Data></Cell>
			<Cell><Data ss:Type="String">2022-08-02 09:41:34</Data></Cell>
		</Row>
		<Row>
			<Cell><Data ss:Type="Number">185</Data></Cell>
			<Cell><Data ss:Type="String">lossryeong</Data></Cell>
			<Cell><Data ss:Type="Number">81</Data></Cell>
			<Cell><Data ss:Type="String">2022-08-02 09:41:34</Data></Cell>
		</Row>
		<Row>
			<Cell><Data ss:Type="Number">186</Data></Cell>
			<Cell><Data ss:Type="String">lossryeong</Data></Cell>
			<Cell><Data ss:Type="Number">82</Data></Cell>
			<Cell><Data ss:Type="String">2022-08-02 09:41:34</Data></Cell>
		</Row>
		<Row>
			<Cell><Data ss:Type="Number">188</Data></Cell>
			<Cell><Data ss:Type="String">binaryho</Data></Cell>
			<Cell><Data ss:Type="Number">80</Data></Cell>
			<Cell><Data ss:Type="String">2022-08-02 09:41:57</Data></Cell>
		</Row>
		<Row>
			<Cell><Data ss:Type="Number">190</Data></Cell>
			<Cell><Data ss:Type="String">binaryho</Data></Cell>
			<Cell><Data ss:Type="Number">82</Data></Cell>
			<Cell><Data ss:Type="String">2022-08-02 09:41:57</Data></Cell>
		</Row>
		<Row>
			<Cell><Data ss:Type="Number">191</Data></Cell>
			<Cell><Data ss:Type="String">inha123</Data></Cell>
			<Cell><Data ss:Type="Number">81</Data></Cell>
			<Cell><Data ss:Type="String">2022-08-02 09:42:37</Data></Cell>
		</Row>
		<Row>
			<Cell><Data ss:Type="Number">192</Data></Cell>
			<Cell><Data ss:Type="String">inha123</Data></Cell>
			<Cell><Data ss:Type="Number">82</Data></Cell>
			<Cell><Data ss:Type="String">2022-08-02 09:42:38</Data></Cell>
		</Row>
		<Row>
			<Cell><Data ss:Type="Number">193</Data></Cell>
			<Cell><Data ss:Type="String">hundredwinstone</Data></Cell>
			<Cell><Data ss:Type="Number">79</Data></Cell>
			<Cell><Data ss:Type="String">2022-08-02 09:44:51</Data></Cell>
		</Row>
		<Row>
			<Cell><Data ss:Type="Number">194</Data></Cell>
			<Cell><Data ss:Type="String">hundredwinstone</Data></Cell>
			<Cell><Data ss:Type="Number">80</Data></Cell>
			<Cell><Data ss:Type="String">2022-08-02 09:44:51</Data></Cell>
		</Row>
		<Row>
			<Cell><Data ss:Type="Number">195</Data></Cell>
			<Cell><Data ss:Type="String">hundredwinstone</Data></Cell>
			<Cell><Data ss:Type="Number">81</Data></Cell>
			<Cell><Data ss:Type="String">2022-08-02 09:44:51</Data></Cell>
		</Row>
		<Row>
			<Cell><Data ss:Type="Number">196</Data></Cell>
			<Cell><Data ss:Type="String">hundredwinstone</Data></Cell>
			<Cell><Data ss:Type="Number">82</Data></Cell>
			<Cell><Data ss:Type="String">2022-08-02 09:44:51</Data></Cell>
		</Row>
		<Row>
			<Cell><Data ss:Type="Number">197</Data></Cell>
			<Cell><Data ss:Type="String">zerowinstone</Data></Cell>
			<Cell><Data ss:Type="Number">82</Data></Cell>
			<Cell><Data ss:Type="String">2022-08-02 09:45:48</Data></Cell>
		</Row>
		<Row>
			<Cell><Data ss:Type="Number">198</Data></Cell>
			<Cell><Data ss:Type="String">zerowinstone</Data></Cell>
			<Cell><Data ss:Type="Number">80</Data></Cell>
			<Cell><Data ss:Type="String">2022-08-02 09:45:48</Data></Cell>
		</Row>
		<Row>
			<Cell><Data ss:Type="Number">199</Data></Cell>
			<Cell><Data ss:Type="String">zerowinstone</Data></Cell>
			<Cell><Data ss:Type="Number">79</Data></Cell>
			<Cell><Data ss:Type="String">2022-08-02 09:45:48</Data></Cell>
		</Row>
		<Row>
			<Cell><Data ss:Type="Number">200</Data></Cell>
			<Cell><Data ss:Type="String">zerowinstone</Data></Cell>
			<Cell><Data ss:Type="Number">81</Data></Cell>
			<Cell><Data ss:Type="String">2022-08-02 09:45:48</Data></Cell>
		</Row>
		<Row>
			<Cell><Data ss:Type="Number">201</Data></Cell>
			<Cell><Data ss:Type="String">test1</Data></Cell>
			<Cell><Data ss:Type="Number">80</Data></Cell>
			<Cell><Data ss:Type="String">2022-08-02 09:49:46</Data></Cell>
		</Row>
		<Row>
			<Cell><Data ss:Type="Number">202</Data></Cell>
			<Cell><Data ss:Type="String">test2</Data></Cell>
			<Cell><Data ss:Type="Number">79</Data></Cell>
			<Cell><Data ss:Type="String">2022-08-02 09:52:52</Data></Cell>
		</Row>
		<Row>
			<Cell><Data ss:Type="Number">203</Data></Cell>
			<Cell><Data ss:Type="String">test3</Data></Cell>
			<Cell><Data ss:Type="Number">79</Data></Cell>
			<Cell><Data ss:Type="String">2022-08-02 09:52:52</Data></Cell>
		</Row>
		<Row>
			<Cell><Data ss:Type="Number">204</Data></Cell>
			<Cell><Data ss:Type="String">inha123</Data></Cell>
			<Cell><Data ss:Type="Number">79</Data></Cell>
			<Cell><Data ss:Type="String">2022-08-02 09:53:06</Data></Cell>
		</Row>
		<Row>
			<Cell><Data ss:Type="Number">205</Data></Cell>
			<Cell><Data ss:Type="String">binaryho</Data></Cell>
			<Cell><Data ss:Type="Number">87</Data></Cell>
			<Cell><Data ss:Type="String">2022-08-02 09:55:23</Data></Cell>
		</Row>
		<Row>
			<Cell><Data ss:Type="Number">206</Data></Cell>
			<Cell><Data ss:Type="String">binaryho</Data></Cell>
			<Cell><Data ss:Type="Number">91</Data></Cell>
			<Cell><Data ss:Type="String">2022-08-02 09:55:23</Data></Cell>
		</Row>
		<Row>
			<Cell><Data ss:Type="Number">207</Data></Cell>
			<Cell><Data ss:Type="String">lossryeong</Data></Cell>
			<Cell><Data ss:Type="Number">87</Data></Cell>
			<Cell><Data ss:Type="String">2022-08-02 09:55:35</Data></Cell>
		</Row>
		<Row>
			<Cell><Data ss:Type="Number">212</Data></Cell>
			<Cell><Data ss:Type="String">zerowinstone</Data></Cell>
			<Cell><Data ss:Type="Number">87</Data></Cell>
			<Cell><Data ss:Type="String">2022-08-02 09:56:19</Data></Cell>
		</Row>
		<Row>
			<Cell><Data ss:Type="Number">213</Data></Cell>
			<Cell><Data ss:Type="String">zerowinstone</Data></Cell>
			<Cell><Data ss:Type="Number">91</Data></Cell>
			<Cell><Data ss:Type="String">2022-08-02 09:56:19</Data></Cell>
		</Row>
		<Row>
			<Cell><Data ss:Type="Number">214</Data></Cell>
			<Cell><Data ss:Type="String">hundredwinstone</Data></Cell>
			<Cell><Data ss:Type="Number">91</Data></Cell>
			<Cell><Data ss:Type="String">2022-08-02 09:56:19</Data></Cell>
		</Row>
		<Row>
			<Cell><Data ss:Type="Number">215</Data></Cell>
			<Cell><Data ss:Type="String">hundredwinstone</Data></Cell>
			<Cell><Data ss:Type="Number">87</Data></Cell>
			<Cell><Data ss:Type="String">2022-08-02 09:56:19</Data></Cell>
		</Row>
		<Row>
			<Cell><Data ss:Type="Number">216</Data></Cell>
			<Cell><Data ss:Type="String">q1w2e3</Data></Cell>
			<Cell><Data ss:Type="Number">79</Data></Cell>
			<Cell><Data ss:Type="String">2022-08-02 09:59:47</Data></Cell>
		</Row>
		<Row>
			<Cell><Data ss:Type="Number">217</Data></Cell>
			<Cell><Data ss:Type="String">q1w2e3</Data></Cell>
			<Cell><Data ss:Type="Number">81</Data></Cell>
			<Cell><Data ss:Type="String">2022-08-02 10:00:02</Data></Cell>
		</Row>
		<Row>
			<Cell><Data ss:Type="Number">219</Data></Cell>
			<Cell><Data ss:Type="String">binaryho</Data></Cell>
			<Cell><Data ss:Type="Number">94</Data></Cell>
			<Cell><Data ss:Type="String">2022-08-02 10:11:26</Data></Cell>
		</Row>
		<Row>
			<Cell><Data ss:Type="Number">220</Data></Cell>
			<Cell><Data ss:Type="String">binaryho</Data></Cell>
			<Cell><Data ss:Type="Number">60</Data></Cell>
			<Cell><Data ss:Type="String">2022-08-02 10:11:43</Data></Cell>
		</Row>
		<Row>
			<Cell><Data ss:Type="Number">221</Data></Cell>
			<Cell><Data ss:Type="String">binaryho</Data></Cell>
			<Cell><Data ss:Type="Number">83</Data></Cell>
			<Cell><Data ss:Type="String">2022-08-02 10:12:49</Data></Cell>
		</Row>
		<Row>
			<Cell><Data ss:Type="Number">222</Data></Cell>
			<Cell><Data ss:Type="String">hundredwinstone</Data></Cell>
			<Cell><Data ss:Type="Number">94</Data></Cell>
			<Cell><Data ss:Type="String">2022-08-02 10:14:18</Data></Cell>
		</Row>
		<Row>
			<Cell><Data ss:Type="Number">223</Data></Cell>
			<Cell><Data ss:Type="String">hundredwinstone</Data></Cell>
			<Cell><Data ss:Type="Number">96</Data></Cell>
			<Cell><Data ss:Type="String">2022-08-02 10:14:22</Data></Cell>
		</Row>
		<Row>
			<Cell><Data ss:Type="Number">224</Data></Cell>
			<Cell><Data ss:Type="String">dancingmachine</Data></Cell>
			<Cell><Data ss:Type="Number">94</Data></Cell>
			<Cell><Data ss:Type="String">2022-08-02 10:15:07</Data></Cell>
		</Row>
		<Row>
			<Cell><Data ss:Type="Number">225</Data></Cell>
			<Cell><Data ss:Type="String">dancingmachine</Data></Cell>
			<Cell><Data ss:Type="Number">92</Data></Cell>
			<Cell><Data ss:Type="String">2022-08-02 10:15:13</Data></Cell>
		</Row>
		<Row>
			<Cell><Data ss:Type="Number">226</Data></Cell>
			<Cell><Data ss:Type="String">hundredwinstone</Data></Cell>
			<Cell><Data ss:Type="Number">86</Data></Cell>
			<Cell><Data ss:Type="String">2022-08-02 10:16:25</Data></Cell>
		</Row>
		<Row>
			<Cell><Data ss:Type="Number">227</Data></Cell>
			<Cell><Data ss:Type="String">hundredwinstone</Data></Cell>
			<Cell><Data ss:Type="Number">92</Data></Cell>
			<Cell><Data ss:Type="String">2022-08-02 10:16:53</Data></Cell>
		</Row>
		<Row>
			<Cell><Data ss:Type="Number">228</Data></Cell>
			<Cell><Data ss:Type="String">hundredwinstone</Data></Cell>
			<Cell><Data ss:Type="Number">93</Data></Cell>
			<Cell><Data ss:Type="String">2022-08-02 10:17:02</Data></Cell>
		</Row>
		<Row>
			<Cell><Data ss:Type="Number">229</Data></Cell>
			<Cell><Data ss:Type="String">hundredwinstone</Data></Cell>
			<Cell><Data ss:Type="Number">90</Data></Cell>
			<Cell><Data ss:Type="String">2022-08-02 10:17:06</Data></Cell>
		</Row>
		<Row>
			<Cell><Data ss:Type="Number">230</Data></Cell>
			<Cell><Data ss:Type="String">hundredwinstone</Data></Cell>
			<Cell><Data ss:Type="Number">98</Data></Cell>
			<Cell><Data ss:Type="String">2022-08-02 10:17:25</Data></Cell>
		</Row>
		<Row>
			<Cell><Data ss:Type="Number">232</Data></Cell>
			<Cell><Data ss:Type="String">king1</Data></Cell>
			<Cell><Data ss:Type="Number">91</Data></Cell>
			<Cell><Data ss:Type="String">2022-08-02 10:27:10</Data></Cell>
		</Row>
		<Row>
			<Cell><Data ss:Type="Number">233</Data></Cell>
			<Cell><Data ss:Type="String">king1</Data></Cell>
			<Cell><Data ss:Type="Number">94</Data></Cell>
			<Cell><Data ss:Type="String">2022-08-02 10:27:13</Data></Cell>
		</Row>
		<Row>
			<Cell><Data ss:Type="Number">234</Data></Cell>
			<Cell><Data ss:Type="String">king1</Data></Cell>
			<Cell><Data ss:Type="Number">79</Data></Cell>
			<Cell><Data ss:Type="String">2022-08-02 10:27:20</Data></Cell>
		</Row>
		<Row>
			<Cell><Data ss:Type="Number">235</Data></Cell>
			<Cell><Data ss:Type="String">binaryho2</Data></Cell>
			<Cell><Data ss:Type="Number">87</Data></Cell>
			<Cell><Data ss:Type="String">2022-08-02 10:28:19</Data></Cell>
		</Row>
		<Row>
			<Cell><Data ss:Type="Number">236</Data></Cell>
			<Cell><Data ss:Type="String">binaryho2</Data></Cell>
			<Cell><Data ss:Type="Number">79</Data></Cell>
			<Cell><Data ss:Type="String">2022-08-02 10:28:21</Data></Cell>
		</Row>
		<Row>
			<Cell><Data ss:Type="Number">237</Data></Cell>
			<Cell><Data ss:Type="String">binaryho2</Data></Cell>
			<Cell><Data ss:Type="Number">91</Data></Cell>
			<Cell><Data ss:Type="String">2022-08-02 10:28:48</Data></Cell>
		</Row>
		<Row>
			<Cell><Data ss:Type="Number">238</Data></Cell>
			<Cell><Data ss:Type="String">test1</Data></Cell>
			<Cell><Data ss:Type="Number">79</Data></Cell>
			<Cell><Data ss:Type="String">2022-08-02 12:32:10</Data></Cell>
		</Row>
		<Row>
			<Cell><Data ss:Type="Number">240</Data></Cell>
			<Cell><Data ss:Type="String">test1</Data></Cell>
			<Cell><Data ss:Type="Number">81</Data></Cell>
			<Cell><Data ss:Type="String">2022-08-02 12:34:03</Data></Cell>
		</Row>
		<Row>
			<Cell><Data ss:Type="Number">241</Data></Cell>
			<Cell><Data ss:Type="String">test1</Data></Cell>
			<Cell><Data ss:Type="Number">96</Data></Cell>
			<Cell><Data ss:Type="String">2022-08-02 12:34:24</Data></Cell>
		</Row>
		<Row>
			<Cell><Data ss:Type="Number">242</Data></Cell>
			<Cell><Data ss:Type="String">test1</Data></Cell>
			<Cell><Data ss:Type="Number">84</Data></Cell>
			<Cell><Data ss:Type="String">2022-08-02 14:07:16</Data></Cell>
		</Row>
		<Row>
			<Cell><Data ss:Type="Number">246</Data></Cell>
			<Cell><Data ss:Type="String">asdf123</Data></Cell>
			<Cell><Data ss:Type="Number">89</Data></Cell>
			<Cell><Data ss:Type="String">2022-08-02 14:11:30</Data></Cell>
		</Row>
		<Row>
			<Cell><Data ss:Type="Number">247</Data></Cell>
			<Cell><Data ss:Type="String">asdf123</Data></Cell>
			<Cell><Data ss:Type="Number">80</Data></Cell>
			<Cell><Data ss:Type="String">2022-08-02 14:11:36</Data></Cell>
		</Row>
		<Row>
			<Cell><Data ss:Type="Number">248</Data></Cell>
			<Cell><Data ss:Type="String">asdf123</Data></Cell>
			<Cell><Data ss:Type="Number">85</Data></Cell>
			<Cell><Data ss:Type="String">2022-08-02 14:11:45</Data></Cell>
		</Row>
		<Row>
			<Cell><Data ss:Type="Number">249</Data></Cell>
			<Cell><Data ss:Type="String">magic22x</Data></Cell>
			<Cell><Data ss:Type="Number">87</Data></Cell>
			<Cell><Data ss:Type="String">2022-08-02 14:12:12</Data></Cell>
		</Row>
		<Row>
			<Cell><Data ss:Type="Number">250</Data></Cell>
			<Cell><Data ss:Type="String">magic22x</Data></Cell>
			<Cell><Data ss:Type="Number">81</Data></Cell>
			<Cell><Data ss:Type="String">2022-08-02 14:13:01</Data></Cell>
		</Row>
		<Row>
			<Cell><Data ss:Type="Number">251</Data></Cell>
			<Cell><Data ss:Type="String">magic22x</Data></Cell>
			<Cell><Data ss:Type="Number">87</Data></Cell>
			<Cell><Data ss:Type="String">2022-08-02 14:13:02</Data></Cell>
		</Row>
		<Row>
			<Cell><Data ss:Type="Number">252</Data></Cell>
			<Cell><Data ss:Type="String">asdf123</Data></Cell>
			<Cell><Data ss:Type="Number">84</Data></Cell>
			<Cell><Data ss:Type="String">2022-08-02 14:13:47</Data></Cell>
		</Row>
		<Row>
			<Cell><Data ss:Type="Number">253</Data></Cell>
			<Cell><Data ss:Type="String">asdf123</Data></Cell>
			<Cell><Data ss:Type="Number">82</Data></Cell>
			<Cell><Data ss:Type="String">2022-08-02 14:13:50</Data></Cell>
		</Row>
		<Row>
			<Cell><Data ss:Type="Number">254</Data></Cell>
			<Cell><Data ss:Type="String">asdf123</Data></Cell>
			<Cell><Data ss:Type="Number">59</Data></Cell>
			<Cell><Data ss:Type="String">2022-08-02 14:14:03</Data></Cell>
		</Row>
		<Row>
			<Cell><Data ss:Type="Number">257</Data></Cell>
			<Cell><Data ss:Type="String">q1w2e3r4</Data></Cell>
			<Cell><Data ss:Type="Number">117</Data></Cell>
			<Cell><Data ss:Type="String">2022-08-02 14:20:58</Data></Cell>
		</Row>
		<Row>
			<Cell><Data ss:Type="Number">259</Data></Cell>
			<Cell><Data ss:Type="String">q1w2e3r4</Data></Cell>
			<Cell><Data ss:Type="Number">118</Data></Cell>
			<Cell><Data ss:Type="String">2022-08-02 14:59:56</Data></Cell>
		</Row>
		<Row>
			<Cell><Data ss:Type="Number">260</Data></Cell>
			<Cell><Data ss:Type="String">lossryeong</Data></Cell>
			<Cell><Data ss:Type="Number">90</Data></Cell>
			<Cell><Data ss:Type="String">2022-08-03 16:43:42</Data></Cell>
		</Row>
		<Row>
			<Cell><Data ss:Type="Number">261</Data></Cell>
			<Cell><Data ss:Type="String">king1</Data></Cell>
			<Cell><Data ss:Type="Number">81</Data></Cell>
			<Cell><Data ss:Type="String">2022-08-03 16:48:19</Data></Cell>
		</Row>
		<Row>
			<Cell><Data ss:Type="Number">262</Data></Cell>
			<Cell><Data ss:Type="String">king1</Data></Cell>
			<Cell><Data ss:Type="Number">90</Data></Cell>
			<Cell><Data ss:Type="String">2022-08-03 16:48:27</Data></Cell>
		</Row>
		<Row>
			<Cell><Data ss:Type="Number">263</Data></Cell>
			<Cell><Data ss:Type="String">king1</Data></Cell>
			<Cell><Data ss:Type="Number">95</Data></Cell>
			<Cell><Data ss:Type="String">2022-08-03 16:48:35</Data></Cell>
		</Row>
		<Row>
			<Cell><Data ss:Type="Number">264</Data></Cell>
			<Cell><Data ss:Type="String">king1</Data></Cell>
			<Cell><Data ss:Type="Number">97</Data></Cell>
			<Cell><Data ss:Type="String">2022-08-03 16:48:53</Data></Cell>
		</Row>
		<Row>
			<Cell><Data ss:Type="Number">265</Data></Cell>
			<Cell><Data ss:Type="String">king1</Data></Cell>
			<Cell><Data ss:Type="Number">122</Data></Cell>
			<Cell><Data ss:Type="String">2022-08-03 16:49:19</Data></Cell>
		</Row>
		<Row>
			<Cell><Data ss:Type="Number">266</Data></Cell>
			<Cell><Data ss:Type="String">king1</Data></Cell>
			<Cell><Data ss:Type="Number">82</Data></Cell>
			<Cell><Data ss:Type="String">2022-08-03 16:51:09</Data></Cell>
		</Row>
		<Row>
			<Cell><Data ss:Type="Number">267</Data></Cell>
			<Cell><Data ss:Type="String">sohyun951201</Data></Cell>
			<Cell><Data ss:Type="Number">124</Data></Cell>
			<Cell><Data ss:Type="String">2022-08-03 16:59:03</Data></Cell>
		</Row>	</Table>
</Worksheet>
</Workbook>
